{
    "identityPoolName": "closethangrcc97ecd7_identitypool_cc97ecd7",
    "allowUnauthenticatedIdentities": false,
    "resourceNameTruncated": "closetcc97ecd7",
    "userPoolName": "closethangrcc97ecd7_userpool_cc97ecd7",
    "autoVerifiedAttributes": [
        "email"
    ],
    "mfaConfiguration": "OFF",
    "mfaTypes": [
        "SMS Text Message"
    ],
    "smsAuthenticationMessage": "Your authentication code is {####}",
    "smsVerificationMessage": "Your verification code is {####}",
    "emailVerificationSubject": "Your verification code",
    "emailVerificationMessage": "Your verification code is {####}",
    "defaultPasswordPolicy": false,
    "passwordPolicyMinLength": 8,
    "passwordPolicyCharacters": [],
    "requiredAttributes": [],
    "userpoolClientGenerateSecret": true,
    "userpoolClientRefreshTokenValidity": 30,
    "userpoolClientWriteAttributes": [
        "email"
    ],
    "userpoolClientReadAttributes": [
        "email"
    ],
    "userpoolClientLambdaRole": "closetcc97ecd7_userpoolclient_lambda_role",
    "userpoolClientSetAttributes": false,
    "resourceName": "closethangrcc97ecd7",
    "authSelections": "identityPoolAndUserPool",
    "authRoleArn": {
        "Fn::GetAtt": [
            "AuthRole",
            "Arn"
        ]
    },
    "unauthRoleArn": {
        "Fn::GetAtt": [
            "UnauthRole",
            "Arn"
        ]
    },
    "useDefault": "default",
    "triggers": "{}",
    "parentStack": {
        "Ref": "AWS::StackId"
    },
    "permissions": [],
    "dependsOn": []
}